<?xml version="1.0" encoding="UTF-8"?>

<mule xmlns:ee="http://www.mulesoft.org/schema/mule/ee/core" xmlns:java="http://www.mulesoft.org/schema/mule/java"
	xmlns:azure-storage="http://www.mulesoft.org/schema/mule/azure-storage"
	xmlns:http="http://www.mulesoft.org/schema/mule/http" xmlns="http://www.mulesoft.org/schema/mule/core" xmlns:doc="http://www.mulesoft.org/schema/mule/documentation" xmlns:xsi="http://www.w3.org/2001/XMLSchema-instance" xsi:schemaLocation="http://www.mulesoft.org/schema/mule/core http://www.mulesoft.org/schema/mule/core/current/mule.xsd
http://www.mulesoft.org/schema/mule/http http://www.mulesoft.org/schema/mule/http/current/mule-http.xsd
http://www.mulesoft.org/schema/mule/azure-storage http://www.mulesoft.org/schema/mule/azure-storage/current/mule-azure-storage.xsd
http://www.mulesoft.org/schema/mule/java http://www.mulesoft.org/schema/mule/java/current/mule-java.xsd
http://www.mulesoft.org/schema/mule/ee/core http://www.mulesoft.org/schema/mule/ee/core/current/mule-ee.xsd">
	<flow name="table-demoFlow" doc:id="c61d26b6-6deb-4cc2-9356-cf8940bf2108" >
		<http:listener doc:name="Listener" doc:id="bf0668a4-dfc7-463b-ba0e-04a0d6456121" config-ref="HTTP_Listener_config" path="/table-demo"/>
		<azure-storage:create-table doc:name="Create table" doc:id="b20fa52a-fa97-40fc-9ddf-381e1e54b374" config-ref="Azure_Storage_Config" tableName="test" />
		<java:new doc:name="New" doc:id="1bba29bb-9a52-4468-9d7a-c38a2e471e93" class="org.mule.modules.azurestorageservice.api.inputentity.EntityProperty" constructor="EntityProperty()" target="var1">
		</java:new>
		<java:invoke method="setValue(java.lang.String)" doc:name="Invoke" doc:id="7bc84d68-a641-4f26-8eb4-7ca860bfdcad" instance="#[vars.var1]" class="org.mule.modules.azurestorageservice.api.inputentity.EntityProperty">
			<java:args ><![CDATA[#[{ value : "Description" }]]]></java:args>
		</java:invoke>
		<java:new constructor="HashMap()" doc:name="New" doc:id="37589e1b-346f-46e6-bcfb-88fde955368b" class="java.util.HashMap" target="var2"/>
		<java:invoke method="put(java.lang.Object,java.lang.Object)" doc:name="Invoke" doc:id="fbe8e37f-140e-4699-bb0a-0f6da13d3191" instance="#[vars.var2]" class="java.util.HashMap">
			<java:args ><![CDATA[#[{ arg0: "Description", arg1: vars.var1 }]]]></java:args>
		</java:invoke>
		<ee:transform doc:name="Transform Message" doc:id="37c7e557-e169-4a4e-b78a-884f9aa899dd" >
			<ee:message >
				<ee:set-payload ><![CDATA[%dw 2.0
output application/java
---
{ 
    partitionkey: 1, 
    properties: vars.var2, 
    rowkey: 1, 
    tableName: 'test' } as Object { class : "org.mule.modules.azurestorageservice.api.inputentity.Entity" 
    	
    }]]></ee:set-payload>
			</ee:message>
		</ee:transform>
		<azure-storage:add-entity doc:name="Add entity" doc:id="f1e5a3c3-2b49-4832-bd16-7bda7d9b80f1" config-ref="Azure_Storage_Config">
			<azure-storage:table-entity partitionkey="1" rowkey="1" tableName="test" properties="#[vars.var2]">
			</azure-storage:table-entity>
		</azure-storage:add-entity>
		<azure-storage:get-single-entity doc:name="Get single entity" doc:id="44a91f96-5d9c-4b85-ad32-c03f0e6b40e5" config-ref="Azure_Storage_Config">
			<azure-storage:entity-definition partitionkey="1" rowkey="1" tableName="test" />
		</azure-storage:get-single-entity>
		<azure-storage:delete-entity doc:name="Delete entity" doc:id="427a71a3-5f1e-494e-8aa6-bb00f390ef0d" config-ref="Azure_Storage_Config">
			<azure-storage:entity-definition partitionkey="1" rowkey="1" tableName="test" />
		</azure-storage:delete-entity>
		<azure-storage:delete-table doc:name="Delete table" doc:id="8fc37762-fb6b-42e4-93f6-3740e6e3ba69" config-ref="Azure_Storage_Config" tableName="test"/>
	</flow>
</mule>
