<?xml version="1.0" encoding="UTF-8"?>
<mule xmlns="http://www.mulesoft.org/schema/mule/core" xmlns:apikit="http://www.mulesoft.org/schema/mule/mule-apikit" xmlns:azure-storage="http://www.mulesoft.org/schema/mule/azure-storage" xmlns:doc="http://www.mulesoft.org/schema/mule/documentation" xmlns:ee="http://www.mulesoft.org/schema/mule/ee/core" xmlns:file="http://www.mulesoft.org/schema/mule/file" xmlns:http="http://www.mulesoft.org/schema/mule/http" xmlns:xsi="http://www.w3.org/2001/XMLSchema-instance" xsi:schemaLocation=" http://www.mulesoft.org/schema/mule/file http://www.mulesoft.org/schema/mule/file/current/mule-file.xsd  http://www.mulesoft.org/schema/mule/ee/core http://www.mulesoft.org/schema/mule/ee/core/current/mule-ee.xsd http://www.mulesoft.org/schema/mule/core http://www.mulesoft.org/schema/mule/core/current/mule.xsd http://www.mulesoft.org/schema/mule/http http://www.mulesoft.org/schema/mule/http/current/mule-http.xsd http://www.mulesoft.org/schema/mule/azure-storage http://www.mulesoft.org/schema/mule/azure-storage/current/mule-azure-storage.xsd http://www.mulesoft.org/schema/mule/mule-apikit http://www.mulesoft.org/schema/mule/mule-apikit/current/mule-apikit.xsd">
    <flow name="azure_file-share-e2e-test" doc:id="2d4862af-a003-4c07-8b50-217954b2c8cd">
        <azure-storage:create-share doc:name="Create share" doc:id="0555aa66-8f03-491a-be23-2c59801da82d" shareName="test-share" config-ref="Azure_Storage_Config"/>
        <file:write doc:name="Write" doc:id="327111cf-5b47-4f0f-b422-cd8f085b7716" path="D:\input.txt">
            <file:content><![CDATA[<data>DATA</data>]]></file:content>
        </file:write>
        <azure-storage:upload-file-in-root-directory doc:name="Upload file in root directory" doc:id="33d111f3-56f1-4786-b5be-9294021b10b8" config-ref="Azure_Storage_Config">
            <azure-storage:file fileName="input.txt" path="${file.path}" shareName="test-share" />
        </azure-storage:upload-file-in-root-directory>
        <azure-storage:download-file-from-root-directory doc:name="Download file from root directory" doc:id="6d9d09a8-4001-4ab8-92ac-3ce142a39d75" config-ref="Azure_Storage_Config">
            <azure-storage:root-file fileName="input.txt" shareName="test-share" />
        </azure-storage:download-file-from-root-directory>
        <logger level="INFO" doc:name="Logger" doc:id="1bf9c430-9b8e-4959-9a69-7df11185a980" message="#[payload]" />
        <set-payload value="#[payload]" doc:name="Set Payload" doc:id="3af548bd-41d4-44f4-b366-42379aadb6a9" mimeType="application/java" encoding="UTF-8" />
        <logger level="INFO" doc:name="Logger" doc:id="a1e73121-2764-4609-8c0c-34fcd530c0cb" message="#[payload]" />
        <ee:transform doc:name="Transform Message" doc:id="950f5a65-01b2-4cd4-b1ea-f174c6e31087">
            <ee:message>
                <ee:set-payload><![CDATA[%dw 2.0 
 output application/java
 --- 
 payload as Binary {class: 'byte[]'}]]></ee:set-payload>
            </ee:message>
            <ee:variables />
        </ee:transform>
        <azure-storage:upload-file-in-root-directory-with-stream doc:name="Upload file in root directory with stream" doc:id="4c6680ec-d6ff-4a2e-9854-4c213ed068d9" config-ref="Azure_Storage_Config">
            <azure-storage:rootfile fileName="upload-file-root-dir-stream" fileStream="#[payload]" shareName="test-share" />
        </azure-storage:upload-file-in-root-directory-with-stream>
        <file:write doc:name="Write" doc:id="cccd26d8-4468-4daa-bd59-9e1c74c458a3" path="D:\upload-file-root-dir" />
        <azure-storage:upload-file-in-root-directory doc:name="Upload file in root directory" doc:id="270b63ff-71de-403a-9132-e7c45ed8beb7" config-ref="Azure_Storage_Config">
            <azure-storage:file fileName="upload-file-root-dir" path="D:\upload-file-root-dir" shareName="test-share" />
        </azure-storage:upload-file-in-root-directory>
        <file:delete doc:name="Delete" doc:id="11dd9d96-986d-46d8-9b70-cac991cd1e6f" path="D:\upload-file-root-dir" />
        <azure-storage:list-filesand-directory-in-share doc:name="List filesand directory in share" doc:id="9469a041-05d3-4b3d-ada6-511c033095f9" shareName="test-share" config-ref="Azure_Storage_Config"/>
        <azure-storage:create-directory doc:name="Create directory" doc:id="a1f0780a-73d7-435a-a9ca-5f6a3103d9e9" config-ref="Azure_Storage_Config">
            <azure-storage:directory directoryName="sub-dir" shareName="test-share" />
        </azure-storage:create-directory>
        <file:write doc:name="Write" doc:id="f1781069-fe6c-4cf6-b1f9-710fc90ab093" path="D:\upload-file-dir" />
        <azure-storage:upload-file-in-directory doc:name="Upload file in directory" doc:id="1125d165-a23a-4466-9b90-a80de9f6f77c" config-ref="Azure_Storage_Config">
            <azure-storage:file-name directoryName="sub-dir" fileName="upload-file-dir" path="D:\upload-file-dir" shareName="test-share" />
        </azure-storage:upload-file-in-directory>
        <set-payload value="Sample data for file share upload through stream" doc:name="Set Payload" doc:id="e59e3fb2-4564-4b8e-82eb-aa2621f6d277" />
        <ee:transform doc:name="Transform Message" doc:id="bf6166d6-8075-405c-b232-ec48b1d93c7d">
            <ee:message>
                <ee:set-payload><![CDATA[%dw 2.0 
 output application/java
 --- 
 payload as Binary {class: 'byte[]'}]]></ee:set-payload>
            </ee:message>
        </ee:transform>
        <azure-storage:upload-file-in-directory-with-stream doc:name="Upload file in directory with stream" doc:id="20ec5758-cd0e-4af8-b04c-e366e3138bea" config-ref="Azure_Storage_Config">
            <azure-storage:filename directoryName="sub-dir" fileName="upload-file-dir-stream" fileStream="#[payload]" shareName="test-share" />
        </azure-storage:upload-file-in-directory-with-stream>
        <azure-storage:list-filesand-directory-in-directory doc:name="List filesand directory in directory" doc:id="79d0814e-b023-46c4-8377-e258cbd6b44f" config-ref="Azure_Storage_Config">
            <azure-storage:directory shareName="test-share" directoryName="sub-dir" />
        </azure-storage:list-filesand-directory-in-directory>
        <azure-storage:delete-file doc:name="Delete file" doc:id="89864995-e693-4b14-8b87-02bfb27a9e54" config-ref="Azure_Storage_Config">
            <azure-storage:directory-file directoryName="sub-dir" fileName="upload-file-dir" shareName="test-share" />
        </azure-storage:delete-file>
        <logger level="INFO" doc:name="Logger" doc:id="05e42a33-fc62-4591-9b94-75ced0ae1f4c" message="#[payload]" />
        <file:delete doc:name="Delete" doc:id="dfa4bb06-4d24-4302-a5f5-282191135085" path="D:\input.txt" />
        <azure-storage:delete-directory doc:name="Delete directory" doc:id="ea169317-5813-4fd9-a252-1ebfdac00358" config-ref="Azure_Storage_Config">
            <azure-storage:directory directoryName="sub-dir" shareName="test-share" />
        </azure-storage:delete-directory>
        <azure-storage:delete-share doc:name="Delete share" doc:id="13295d5c-0000-42bf-905f-b7a87359640c" shareName="test-share" config-ref="Azure_Storage_Config"/>
    </flow>
</mule>
