<?xml version="1.0" encoding="UTF-8"?>

<mule xmlns:http="http://www.mulesoft.org/schema/mule/http" xmlns:azure-storage="http://www.mulesoft.org/schema/mule/azure-storage"
	xmlns="http://www.mulesoft.org/schema/mule/core"
	xmlns:doc="http://www.mulesoft.org/schema/mule/documentation" xmlns:xsi="http://www.w3.org/2001/XMLSchema-instance" xsi:schemaLocation="http://www.mulesoft.org/schema/mule/core http://www.mulesoft.org/schema/mule/core/current/mule.xsd
http://www.mulesoft.org/schema/mule/azure-storage http://www.mulesoft.org/schema/mule/azure-storage/current/mule-azure-storage.xsd
http://www.mulesoft.org/schema/mule/http http://www.mulesoft.org/schema/mule/http/current/mule-http.xsd">
	<flow name="azure-storage-queue-demoFlow" doc:id="4d4e9586-761f-4a59-843d-dda3f9a85506" >
		<http:listener doc:name="Listener" doc:id="fb20894a-6d12-463e-8d97-0686793c7713" config-ref="HTTP_Listener_config" path="/queue-demo"/>
		<azure-storage:create-queue doc:name="Create queue" doc:id="24cb83dc-3f1d-4eac-9e8f-72fd6610b4f0" config-ref="Azure_Storage_Config" queueName="test-queue-demo"/>
		<logger level="INFO" doc:name="Logger" doc:id="550cf915-0ba0-483d-a27a-f65dde817624" message='#["Queue Create Operation Status : "++ payload]'/>
		<azure-storage:add-message-to-queue doc:name="Add message to queue" doc:id="a8a6bbd4-4a78-4660-8e65-079d16820af4" config-ref="Azure_Storage_Config">
			<azure-storage:message queueMessage="Demo message for add msg queue" queueName="test-queue-demo" />
		</azure-storage:add-message-to-queue>
		<azure-storage:add-message-to-queue doc:name="Add message to queue" doc:id="a2c22e0b-82d2-4b86-9cfb-8f87e2d42245" config-ref="Azure_Storage_Config">
			<azure-storage:message queueMessage="second message to add queue" queueName="test-queue-demo" />
		</azure-storage:add-message-to-queue>
		<logger level="INFO" doc:name="Logger" doc:id="4d46eb22-fb86-42b0-9be4-1b384f8686f0" message='#["add message to queue status : " ++ payload]'/>
		<azure-storage:get-list-of-queues doc:name="Get list of queues" doc:id="ec686f73-c654-4bac-b7d7-7d6979391ce3" config-ref="Azure_Storage_Config"/>
		<logger level="INFO" doc:name="Logger" doc:id="cf75f090-2765-4c2e-a2b2-1f1444de8922" message="#[payload]"/>
		<azure-storage:get-queue-length doc:name="Get queue length" doc:id="6f72ba32-d45c-4bd4-8f11-44f759280760" config-ref="Azure_Storage_Config" queueName="test-queue-demo"/>
		<logger level="INFO" doc:name="Logger" doc:id="db10fa97-afbc-4381-87f0-0245f3823046" message='#["Get Queue Length status : " ++ payload]' />
		<azure-storage:peek-message-from-queue doc:name="Peek message from queue" doc:id="db08efae-d651-4ca9-93d0-c0f1cdd76bee" config-ref="Azure_Storage_Config" queueName="test-queue-demo"/>
		<azure-storage:dequeue-message doc:name="Dequeue message" doc:id="da358232-13ad-40ed-a161-ef673a4149fe" config-ref="Azure_Storage_Config" queueName="test-queue-demo"/>
		<azure-storage:dequeue-messages doc:name="Dequeue messages" doc:id="88853847-151f-46a4-9b65-1b3551f11832" config-ref="Azure_Storage_Config">
			<azure-storage:messages numberOfMessages="1" queueName="test-queue-demo" />
		</azure-storage:dequeue-messages>
		<azure-storage:delete-queue doc:name="Delete queue" doc:id="d8236087-a87d-47d6-8c3b-60e05d00744d" config-ref="Azure_Storage_Config" queueName="test-queue-demo"/>
		<logger level="INFO" doc:name="Logger" doc:id="f7f06e12-fcb9-41e7-b98f-1bffcae997d5" message="Queue demo completed"/>
	</flow>

	
	
	
	
	
	
	
	
	
	
	
	
	
</mule>
